PLAYER,cluster
Tim Frazier,1
Courtney Lee 2016,1
Vince Carter,1
Channing Frye 2015,1
C.J. Watson 2015,1
T.J. McConnell,1
Matthew Dellavedova,1
Patty Mills,1
Jamal Murray,1
Manu Ginobili 2015,1
Malcolm Brogdon,1
Hollis Thompson 2015,1
Mirza Teletovic 2016,1
Bojan Bogdanovic 2015,1
Nikola Mirotic,1
Rajon Rondo,1
Jordan Crawford,1
Alan Anderson 2015,1
Jared Dudley 2015,1
Marco Belinelli,1
Joe Ingles,1
Matthew Dellavedova 2016,1
Courtney Lee 2015,1
Trey Burke 2016,1
Patrick Patterson,1
Matt Barnes,1
Jared Dudley 2016,1
Tyler Johnson 2016,1
Luol Deng,1
Andre Iguodala 2016,1
Buddy Hield,1
Dion Waiters 2016,1
JR Smith,1
Ish Smith,1
Iman Shumpert 2015,1
Doug McDermott 2016,1
Iman Shumpert,1
Jodie Meeks 2015,1
Paul Pierce 2015,1
Patrick Patterson 2016,1
Andre Iguodala 2015,1
Jeff Green,1
Danny Green 2016,1
Jameer Nelson 2016,1
Brandon Jennings,1
Tony Snell,1
Monta Ellis,1
Cory Joseph,1
Randy Foye 2015,1
Dante Cunningham,1
J.J. Barea 2016,1
Terrence Ross 2015,1
Danny Green,1
Rodney McGruder,1
Terrence Ross,1
Gerald Henderson,1
Kelly Olynyk 2016,1
Arron Afflalo,1
Nikola Mirotic 2016,1
J.J. Barea,1
Garrett Temple,1
Mirza Teletovic 2015,1
Meyers Leonard 2016,1
DeMarre Carroll,1
Andre Iguodala,1
Marcus Morris 2015,1
Cory Joseph 2016,1
Manu Ginobili 2016,1
Terrence Ross 2016,1
Doug McDermott,1
Garrett Temple 2016,1
Joe Johnson,1
Nik Stauskas,1
Aaron Brooks 2015,1
Stanley Johnson 2016,1
CJ Miles,1
Thabo Sefolosha,1
Gerald Green 2015,1
Tony Parker,1
Anthony Morrow 2015,1
D.J. Augustin 2015,1
Devin Harris 2015,1
Nikola Mirotic 2015,1
Kyle Korver,1
CJ Miles 2016,1
Patty Mills 2016,1
Sergio Rodriguez,1
Marcus Smart 2015,1
Rodney Stuckey 2016,1
Solomon Hill,1
Nik Stauskas 2016,1
Ersan Ilyasova 2016,1
TJ Warren 2016,1
Gerald Green 2016,1
Jameer Nelson 2015,1
Wayne Ellington 2015,1
Raymond Felton 2016,1
Marcus Smart 2016,1
Ersan Ilyasova 2015,1
Wayne Ellington,1
Kyle Korver 2016,1
E'Twaun Moore,1
Ty Lawson,1
Marco Belinelli 2016,1
Dennis Schroder 2016,1
Patrick Beverley 2016,1
Jameer Nelson,1
Iman Shumpert 2016,1
Rodney Hood 2015,1
Patrick Patterson 2015,1
Langston Galloway 2016,1
Marvin Williams 2015,1
Marco Belinelli 2015,1
Jeremy Lin 2016,1
Boris Diaw 2015,1
Danilo Gallinari 2015,1
Kelly Olynyk 2015,1
Yogi Ferrell,1
Tony Allen 2016,1
Austin Rivers 2016,1
Jose Calderon 2016,1
Allen Crabbe 2016,1
Jason Smith 2016,2
Bobby Portis,2
Dewayne Dedmon 2016,2
Isaiah Canaan,2
Donatas Motiejunas 2016,2
Quincy Acy,2
Sasha Vujacic 2016,2
Ron Baker,2
Anthony Morrow 2016,2
Boris Diaw,2
Dragan Bender,2
Jon Leuer 2015,2
Jeff Withey 2016,2
Shelvin Mack 2015,2
Paul Zipser,2
Ian Clark,2
Jerian Grant 2016,2
Jonathan Gibson,2
Aron Baynes 2015,2
Brandan Wright,2
Garrett Temple 2015,2
Alexis Ajinca 2015,2
Josh McRoberts,2
Omer Asik,2
Anthony Morrow,2
Jonathon Simmons 2016,2
Gary Harris 2015,2
Tim Hardaway Jr. 2016,2
Brandon Bass,2
Kyle Anderson,2
Semaj Christon,2
Chris McCullough 2016,2
Glenn Robinson III 2016,2
Cristiano Felicio,2
Anthony Bennett,2
C.J. Watson,2
Ian Mahinmi,2
Mike Dunleavy,2
Luke Babbitt,2
Seth Curry 2016,2
Ramon Sessions,2
Spencer Hawes,2
Justin Hamilton 2015,2
Anthony Brown,2
Kyle Singler 2016,2
Justin Holiday 2016,2
Quincy Acy 2016,2
James Ennis III 2016,2
Omer Asik 2016,2
Miles Plumlee 2015,2
Josh McRoberts 2016,2
Andrew Nicholson 2016,2
Justin Anderson 2016,2
Rashad Vaughn 2016,2
Alan Anderson 2016,2
Thomas Robinson 2015,2
Beno Udrih 2016,2
Metta World Peace 2016,2
Richard Jefferson 2016,2
Jason Terry 2016,2
Kris Humphries 2016,2
Solomon Hill 2016,2
Mike Muscala 2015,2
Richaun Holmes 2016,2
Aaron Brooks 2016,2
Troy Daniels 2016,2
Marcus Thornton 2015,2
Johnny O'Bryant III 2016,2
Tim Frazier 2016,2
Cole Aldrich 2016,2
Nick Collison 2015,2
Ryan Kelly 2016,2
Norman Powell 2016,2
Salah Mejri 2016,2
Dewayne Dedmon 2015,2
Kyle Anderson 2016,2
Spencer Dinwiddie 2016,2
Luc Mbah a Moute 2016,2
Leandro Barbosa 2016,2
James Johnson 2016,2
Stanley Johnson,2
Thomas Robinson 2016,2
Alec Burks,2
Devin Harris,2
Al Jefferson,2
Jaylen Brown,2
Taurean Prince,2
Marcelo Huertas 2016,2
Alonzo Gee 2015,2
Tyus Jones 2016,2
Reggie Bullock 2016,2
James Jones 2015,2
Joffrey Lauvergne,2
Skal Labissiere,2
Miles Plumlee 2016,2
Mario Hezonja,2
Brandon Rush 2016,2
Trey Burke,2
Kyle O'Quinn 2016,2
Jarell Martin 2016,2
Paul Pierce,2
Alexis Ajinca,2
Chris Andersen 2016,2
Alexis Ajinca 2016,2
Tyler Zeller 2016,2
Leandro Barbosa,2
Gerald Green,2
"Derrick Jones, Jr.",2
Dwight Powell 2016,2
Maurice Harkless 2015,2
Mindaugas Kuzminskas,2
Jason Smith,2
Jonas Jerebko,2
Reggie Williams,2
Noah Vonleh 2016,2
Joe Ingles 2016,2
Aron Baynes 2016,2
Kyle O'Quinn 2015,2
Kris Humphries,2
Leandro Barbosa 2015,2
Tarik Black,2
Meyers Leonard 2015,2
Damjan Rudez 2015,2
Luis Scola,2
Noah Vonleh,2
Shaun Livingston,2
Willie Reed 2016,2
Kosta Koufos 2015,2
Allen Crabbe 2015,2
Kevin Seraphin 2015,2
Pascal Siakam,2
Jose Calderon,2
Cameron Payne,2
Vince Carter 2015,2
Timothe Luwawu-Cabarrot,2
Anthony Bennett 2015,2
CJ McCollum 2015,2
Toney Douglas 2015,2
Troy Williams,2
James Ennis III 2015,2
Wesley Johnson,2
Delon Wright,2
Thomas Robinson,2
Marreese Speights 2016,2
Ish Smith 2015,2
Richard Jefferson 2015,2
Meyers Leonard,2
Roy Hibbert,2
Reggie Bullock,2
Malcolm Delaney,2
Ed Davis,2
Tyler Ennis 2015,2
David Nwaba,2
Andrew Nicholson 2015,2
Beno Udrih,2
Justin Anderson,2
Jonas Jerebko 2016,2
Tyus Jones,2
Tomas Satoransky,2
Willie Reed,2
Corey Brewer,2
Alan Williams,2
Kris Dunn,2
Wade Baldwin IV,2
Mirza Teletovic,2
David West,2
Darrell Arthur,2
Jason Terry,2
Jeremy Lamb 2015,2
Juan Hernangomez,2
Mike Miller 2015,2
Kevin Seraphin 2016,2
JaVale McGee 2016,2
Kent Bazemore 2015,2
Cameron Payne 2016,2
Arinze Onuaku 2015,2
Patty Mills 2015,2
Aron Baynes,2
Udonis Haslem 2015,2
Okaro White,2
Lavoy Allen 2015,2
TJ Warren 2015,2
Jared Sullinger,2
Jarell Martin,2
Archie Goodwin,2
Aaron Brooks,2
Tarik Black 2016,2
Nik Stauskas 2015,2
Jonas Jerebko 2015,2
Kevin Seraphin,2
Tyler Ulis,2
Cole Aldrich 2015,2
Mike Scott 2016,2
DeAndre Liggins,2
Lavoy Allen,2
Spencer Dinwiddie 2015,2
Salah Mejri,2
Aaron Gordon 2015,2
Luke Babbitt 2015,2
Donatas Motiejunas,2
Jerian Grant,2
Denzel Valentine,2
Tyler Ennis 2016,2
Davis Bertans,2
Alex Abrines,2
Josh McRoberts 2015,2
Joffrey Lauvergne 2015,2
JaVale McGee 2015,2
Justin Holiday 2015,2
Kyle O'Quinn,2
Toney Douglas,2
Patrick McCaw,2
Andre Drummond 2016,3
Zach Randolph 2015,3
Nikola Vucevic 2016,3
Marcin Gortat,3
Myles Turner,3
Serge Ibaka 2015,3
Andre Drummond,3
Al Horford 2016,3
Dwight Howard 2015,3
Nikola Jokic,3
Draymond Green,3
Kevin Love,3
Al Horford 2015,3
Nikola Vucevic,3
Draymond Green 2016,3
Paul Millsap 2015,3
Derrick Favors 2016,3
Kevin Love 2015,3
Marcin Gortat 2015,3
Kristaps Porzingis 2016,3
Dwight Howard,3
DeAndre Jordan 2015,3
Andre Drummond 2015,3
Thaddeus Young 2016,3
Kevin Love 2016,3
Greg Monroe 2016,3
Al Jefferson 2015,3
Marcin Gortat 2016,3
DeAndre Jordan,3
DeAndre Jordan 2016,3
Serge Ibaka 2016,3
Enes Kanter 2015,3
LaMarcus Aldridge 2016,3
Hassan Whiteside 2016,3
Kawhi Leonard 2015,3
Greg Monroe 2015,3
Pau Gasol 2016,3
LaMarcus Aldridge,3
Hassan Whiteside,3
Joel Embiid,3
Derrick Favors 2015,3
Karl-Anthony Towns 2016,3
Paul Millsap 2016,3
Giannis Antetokounmpo 2015,3
Rudy Gobert,3
Brook Lopez 2015,3
Marc Gasol 2015,3
Draymond Green 2015,3
Pau Gasol 2015,3
Zach Randolph 2016,3
Dwight Howard 2016,3
Michael Kidd-Gilchrist 2016,3
Bobby Brown,4
Clint Capela 2015,4
Norris Cole,4
KJ McDaniels 2016,4
Tim Quarterman,4
Kyle Anderson 2015,4
Steve Novak 2015,4
Nicolas Brussino,4
Jake Layman,4
Joel Bolomboy,4
Anthony Bennett 2016,4
Reggie Williams 2015,4
Nicolas Laprovittola,4
CJ Wilcox 2016,4
Bruno Caboclo 2015,4
Sasha Vujacic,4
Raul Neto,4
Jordan Mickey,4
Alan Williams 2016,4
Tyler Ennis,4
Jordan McRae 2016,4
Jordan Hill,4
Noah Vonleh 2015,4
AJ Hammons,4
Chris McCullough,4
Michael Gbinije,4
Bruno Caboclo,4
Damjan Rudez 2016,4
Briante Weber,4
Daniel Ochefu,4
Chasson Randle,4
Anderson Varejao,4
Tyler Zeller,4
JaMychal Green 2015,4
Darrun Hilliard 2016,4
E'Twaun Moore 2015,4
Jordan Mickey 2016,4
Kyle Singler,4
Brian Roberts 2016,4
DeAndre' Bembry,4
James Young 2016,4
Joel Anthony 2015,4
Georges Niang,4
Stephen Zimmerman,4
Kyle Wiltjer,4
Mike Miller 2016,4
Ryan Kelly,4
Lucas Nogueira 2016,4
Terry Rozier 2016,4
Joel Anthony 2016,4
Mike Miller,4
James Young 2015,4
Troy Daniels 2015,4
Nick Collison,4
Montrezl Harrell 2016,4
Reggie Bullock 2015,4
Doug McDermott 2015,4
Udonis Haslem,4
Kay Felder,4
Udonis Haslem 2016,4
Johnny O'Bryant III 2015,4
Steve Novak 2016,4
Malik Beasley,4
Raymond Felton 2015,4
Cristiano Felicio 2016,4
Diamond Stone,4
Anderson Varejao 2016,4
James Jones,4
Pat Connaughton,4
Christian Wood 2016,4
Bruno Caboclo 2016,4
Cole Aldrich,4
Pat Connaughton 2016,4
Jakob Poeltl,4
Adreian Payne,4
Shawn Long,4
Nick Collison 2016,4
Adreian Payne 2016,4
Metta World Peace,4
Marshall Plumlee,4
Deyonta Davis,4
Ian Clark 2015,4
Joe Young 2016,4
Glenn Robinson III 2015,4
CJ Wilcox 2015,4
Darrun Hilliard,4
Rakeem Christmas,4
Jordan McRae,4
Miles Plumlee,4
Mike Muscala 2016,4
Lucas Nogueira 2015,4
KJ McDaniels,4
James Young,4
Malachi Richardson,4
Quinn Cook,4
Ronnie Price,4
Shabazz Napier 2016,4
Brian Roberts,4
Henry Ellenson,4
Mike Scott,4
Dwight Powell 2015,4
Andrew Nicholson,4
Bryn Forbes,4
JaVale McGee,4
Arinze Onuaku,4
Maurice Ndour,4
Thon Maker,4
Boban Marjanovic 2016,4
Shabazz Napier,4
James Michael McAdoo 2015,4
Alonzo Gee,4
Joel Anthony,4
Chris Andersen,4
Fred VanVleet,4
Jeff Withey 2015,4
Kevon Looney,4
Marcelo Huertas,4
Boban Marjanovic,4
Joe Harris 2015,4
Pierre Jackson,4
Rashad Vaughn,4
Georgios Papagiannis,4
Damian Jones,4
Christian Wood,4
Sheldon McClellan,4
James Michael McAdoo 2016,4
Steve Novak,4
James Michael McAdoo,4
Alan Anderson,4
Dejounte Murray,4
Ian Clark 2016,4
Johnny O'Bryant III,4
CJ Wilcox,4
Jeff Withey,4
Cheick Diallo,4
Brandon Rush 2015,4
Delon Wright 2016,4
Kelly Oubre Jr. 2016,4
Treveon Graham,4
Damjan Rudez,4
Joe Young,4
James Jones 2016,4
Anthony Davis 2016,5
Eric Bledsoe 2016,5
John Wall 2016,5
Giannis Antetokounmpo 2016,5
Ty Lawson 2015,5
Brandon Knight 2016,5
Kyle Lowry 2015,5
Monta Ellis 2015,5
Jimmy Butler 2016,5
Brook Lopez 2016,5
Rudy Gay 2016,5
Dwyane Wade 2016,5
Danilo Gallinari 2016,5
Carmelo Anthony 2015,5
Derrick Rose 2016,5
Kemba Walker 2015,5
DeMar DeRozan 2015,5
Khris Middleton 2016,5
Jahlil Okafor 2016,5
Dirk Nowitzki 2016,5
Andrew Wiggins 2015,5
Nikola Vucevic 2015,5
Gordon Hayward 2015,5
Marc Gasol 2016,5
Andrew Wiggins 2016,5
Victor Oladipo 2015,5
Goran Dragic,5
Zach LaVine,5
Gordon Hayward 2016,5
Kemba Walker 2016,5
Jimmy Butler 2015,5
Eric Bledsoe 2015,5
Andrew Wiggins,5
Devin Booker,5
Kyrie Irving 2016,5
Dwyane Wade,5
Rudy Gay 2015,5
CJ McCollum,5
Tyreke Evans 2015,5
Derrick Rose 2015,5
Carmelo Anthony 2016,5
Rudy Gay,5
Derrick Rose,5
Paul Millsap,5
Evan Fournier,5
Jabari Parker,5
Bradley Beal 2016,5
Brandon Knight 2015,5
CJ McCollum 2016,5
Mike Conley,5
Michael Carter-Williams 2015,5
Reggie Jackson 2016,5
Marc Gasol,5
Brook Lopez,5
Kristaps Porzingis,5
Harrison Barnes,5
Dennis Schroder,5
Danilo Gallinari,5
John Wall 2015,5
Eric Bledsoe,5
Dwyane Wade 2015,5
Tobias Harris 2015,5
Carmelo Anthony,5
Jeremy Lamb,6
Glenn Robinson III,6
Sam Dekker,6
Chris Andersen 2015,6
Hollis Thompson,6
Quincy Acy 2015,6
Ronnie Price 2015,6
Lucas Nogueira,6
Lance Stephenson,6
Zaza Pachulia,6
Lance Thomas,6
James Ennis III,6
Gerald Henderson 2016,6
Jae Crowder 2015,6
Tarik Black 2015,6
Derrick Williams 2015,6
Montrezl Harrell,6
Dante Cunningham 2016,6
Luis Scola 2016,6
Mike Muscala,6
Marreese Speights,6
Michael Beasley,6
Frank Kaminsky 2016,6
Anthony Brown 2016,6
Tony Snell 2016,6
Dante Exum,6
Tyler Zeller 2015,6
Brandon Rush,6
Ben McLemore 2016,6
Thabo Sefolosha 2016,6
Langston Galloway,6
Maurice Harkless 2016,6
Channing Frye 2016,6
Manu Ginobili,6
Alonzo Gee 2016,6
John Henson 2016,6
Rondae Hollis-Jefferson,6
Andrew Bogut 2016,6
Dewayne Dedmon,6
Ian Mahinmi 2015,6
Shaun Livingston 2015,6
Jon Leuer 2016,6
Lavoy Allen 2016,6
Wesley Johnson 2016,6
Michael Beasley 2016,6
Joe Harris,6
Cory Joseph 2015,6
Michael Beasley 2015,6
Clint Capela 2016,6
Shelvin Mack,6
Marcus Thornton,6
Tyreke Evans,6
Beno Udrih 2015,6
Nemanja Bjelica 2016,6
Jusuf Nurkic 2015,6
Nene,6
Omri Casspi,6
Troy Daniels,6
Wayne Ellington 2016,6
Rodney Stuckey,6
Jason Terry 2015,6
Nick Young 2016,6
Ivica Zubac,6
Kelly Oubre Jr.,6
KJ McDaniels 2015,6
Kelly Olynyk,6
Al-Farouq Aminu 2015,6
Tyler Johnson 2015,6
James Johnson 2015,6
David Lee,6
Mike Scott 2015,6
Larry Nance Jr.,6
C.J. Watson 2016,6
David West 2016,6
Anthony Tolliver,6
Trevor Booker 2016,6
Matthew Dellavedova 2015,6
Sean Kilpatrick 2016,6
Dennis Schroder 2015,6
Kyle Singler 2015,6
Marreese Speights 2015,6
Luc Mbah a Moute,6
Alex Len 2015,6
Willie Cauley-Stein,6
Andre Roberson 2015,6
Trevor Booker 2015,6
Corey Brewer 2016,6
Bismack Biyombo,6
Norman Powell,6
Timofey Mozgov,6
Willie Cauley-Stein 2016,6
Justin Holiday,6
Paul Pierce 2016,6
Kosta Koufos,6
Isaiah Canaan 2015,6
Austin Rivers 2015,6
E'Twaun Moore 2016,6
Brandan Wright 2015,6
Jusuf Nurkic 2016,6
Darrell Arthur 2015,6
Trey Lyles,6
Jonathon Simmons,6
Rondae Hollis-Jefferson 2016,6
Jeremy Lamb 2016,6
Andrew Harrison,6
Ty Lawson 2016,6
Brandan Wright 2016,6
Ronnie Price 2016,6
Toney Douglas 2016,6
Jerami Grant,6
Bobby Portis 2016,6
Vince Carter 2016,6
Kosta Koufos 2016,6
Darrell Arthur 2016,6
Michael Carter-Williams,6
Ed Davis 2016,6
Roy Hibbert 2016,6
Dante Cunningham 2015,6
Luis Scola 2015,6
Mario Hezonja 2016,6
Jordan Hill 2016,6
Andre Roberson 2016,6
Paul George 2015,6
Larry Nance Jr. 2016,6
Tim Frazier 2015,6
Ramon Sessions 2015,6
D.J. Augustin 2016,6
Tony Snell 2015,6
Brandon Bass 2016,6
Luke Babbitt 2016,6
Jodie Meeks,6
JaMychal Green 2016,6
T.J. McConnell 2016,6
Omri Casspi 2015,6
Joakim Noah 2016,6
Joakim Noah,6
Bismack Biyombo 2015,6
Terrence Jones 2016,6
Anthony Tolliver 2015,6
Brian Roberts 2015,6
Derrick Williams,6
Joe Ingles 2015,6
David Lee 2016,6
Devin Harris 2016,6
Richaun Holmes,6
Lance Thomas 2016,6
Shabazz Muhammad 2016,6
David Lee 2015,6
Joffrey Lauvergne 2016,6
Randy Foye,6
J.J. Barea 2015,6
Adreian Payne 2015,6
Brandon Jennings 2016,6
Lance Stephenson 2016,6
Raymond Felton,6
Spencer Hawes 2016,6
Briante Weber 2016,6
Ramon Sessions 2016,6
Josh Richardson 2016,6
Andrew Bogut,6
Dante Exum 2015,6
Derrick Williams 2016,6
Nemanja Bjelica,6
Nene 2016,6
Terry Rozier,6
Otto Porter Jr. 2015,6
Marcus Thornton 2016,6
Marquese Chriss,6
Jerami Grant 2015,6
Shelvin Mack 2016,6
Will Barton 2015,6
Domantas Sabonis,6
Shaun Livingston 2016,6
Mason Plumlee 2015,6
Isaiah Whitehead,6
Timofey Mozgov 2016,6
Raul Neto 2016,6
Bismack Biyombo 2016,6
Trey Lyles 2016,6
Anthony Tolliver 2016,6
Justin Hamilton,6
Amir Johnson,6
Richard Jefferson,6
Dorian Finney-Smith,6
Caris LeVert,6
Ben McLemore,6
Boris Diaw 2016,6
Jason Smith 2015,6
John Henson 2015,6
Spencer Dinwiddie,6
Willy Hernangomez,6
Randy Foye 2016,6
D.J. Augustin,6
Thabo Sefolosha 2015,6
Dwight Powell,6
Chandler Parsons,6
Shabazz Muhammad,6
Shabazz Napier 2015,6
Alex Len,6
Spencer Hawes 2015,6
Ryan Kelly 2015,6
Amir Johnson 2016,6
John Henson,6
Kris Humphries 2015,6
Channing Frye,6
Nerlens Noel,6
Lance Thomas 2015,6
Jared Dudley,6
Ersan Ilyasova,7
Julius Randle,7
Reggie Jackson,7
Jordan Clarkson,7
Luc Mbah a Moute 2015,7
Nerlens Noel 2015,7
Will Barton,7
Jose Calderon 2015,7
Rodney Stuckey 2015,7
Shabazz Muhammad 2015,7
Elfrid Payton 2015,7
Solomon Hill 2015,7
Courtney Lee,7
Ricky Rubio 2015,7
James Johnson,7
Zach LaVine 2015,7
Ryan Anderson 2015,7
Robert Covington 2015,7
Langston Galloway 2015,7
TJ Warren,7
Jamal Crawford,7
Lance Stephenson 2015,7
Jabari Parker 2015,7
Josh Richardson,7
Gary Harris 2016,7
Dario Saric,7
Will Barton 2016,7
Jerami Grant 2016,7
Thaddeus Young 2015,7
Brandon Ingram,7
Hollis Thompson 2016,7
Dion Waiters 2015,7
Darren Collison,7
Alec Burks 2015,7
Maurice Harkless,7
Kent Bazemore,7
Jordan Hill 2015,7
Jabari Parker 2016,7
Serge Ibaka,7
Jeremy Lin,7
Gerald Henderson 2015,7
Tim Hardaway Jr. 2015,7
Lou Williams 2016,7
Elfrid Payton 2016,7
Omri Casspi 2016,7
Nick Young 2015,7
Emmanuel Mudiay 2016,7
Zach LaVine 2016,7
Darren Collison 2016,7
Kent Bazemore 2016,7
Matt Barnes 2016,7
Devin Booker 2016,7
D'Angelo Russell 2016,7
Nerlens Noel 2016,7
Robert Covington 2016,7
Ricky Rubio 2016,7
Isaiah Canaan 2016,7
Bojan Bogdanovic 2016,7
Evan Turner 2015,7
Jared Sullinger 2015,7
Jeremy Lin 2015,7
Aaron Gordon,7
Frank Kaminsky,7
Wesley Johnson 2015,7
Jordan Clarkson 2016,7
Dirk Nowitzki,7
Deron Williams,7
Corey Brewer 2015,7
Ish Smith 2016,7
Nick Young,7
Evan Fournier 2015,7
Austin Rivers,7
Evan Turner,7
Sean Kilpatrick,7
Rajon Rondo 2015,7
PJ Tucker 2016,7
Markieff Morris 2016,7
Brandon Knight,7
Emmanuel Mudiay,7
Jeff Green 2016,7
Julius Randle 2016,7
Allen Crabbe,7
D'Angelo Russell,7
Bojan Bogdanovic,7
Seth Curry,7
Jahlil Okafor,7
Ricky Rubio,7
Alec Burks 2016,7
Jordan Clarkson 2015,7
Elfrid Payton,7
Michael Carter-Williams 2016,7
Kentavious Caldwell-Pope 2015,8
Markieff Morris 2015,8
Eric Gordon 2015,8
Chandler Parsons 2015,8
Ben McLemore 2015,8
Lou Williams 2015,8
George Hill 2015,8
Mike Conley 2015,8
Danny Green 2015,8
CJ Miles 2015,8
Khris Middleton 2015,8
Dirk Nowitzki 2015,8
Jeff Teague 2015,8
Nicolas Batum 2015,8
Jeff Green 2015,8
Trey Burke 2015,8
Arron Afflalo 2015,8
Deron Williams 2015,8
Isaiah Thomas 2015,8
JJ Redick 2015,8
Wesley Matthews 2015,8
Kyle Korver 2015,8
Trevor Ariza 2016,8
Goran Dragic 2015,8
Monta Ellis 2016,8
Marcus Morris,8
JJ Redick 2016,8
Harrison Barnes 2016,8
Tobias Harris 2016,8
Patrick Beverley,8
Joe Johnson 2016,8
Nicolas Batum 2016,8
Marvin Williams,8
Otto Porter Jr. 2016,8
Jamal Crawford 2016,8
Luol Deng 2016,8
Tyreke Evans 2016,8
JR Smith 2016,8
Markieff Morris,8
Tony Parker 2016,8
Avery Bradley 2016,8
Mike Conley 2016,8
Rajon Rondo 2016,8
Khris Middleton,8
Robert Covington,8
Ryan Anderson,8
JJ Redick,8
Eric Gordon 2016,8
Chandler Parsons 2016,8
Dion Waiters,8
Eric Gordon,8
Marcus Morris 2016,8
Lou Williams,8
Evan Fournier 2016,8
Tobias Harris,8
George Hill 2016,8
Gary Harris,8
Nicolas Batum,8
Rodney Hood,8
Wesley Matthews 2016,8
Goran Dragic 2016,8
Kentavious Caldwell-Pope 2016,8
Wilson Chandler,8
Deron Williams 2016,8
Trevor Ariza,8
Marcus Smart,8
Wilson Chandler 2015,8
Brandon Jennings 2015,8
DeMarre Carroll 2015,8
Matt Barnes 2015,8
Rodney Hood 2016,8
Darren Collison 2015,8
Jrue Holiday 2015,8
Trevor Ariza 2015,8
Avery Bradley,8
Avery Bradley 2015,8
Tony Parker 2015,8
Jae Crowder 2016,8
JR Smith 2015,8
Reggie Jackson 2015,8
Luol Deng 2015,8
George Hill,8
Jamal Crawford 2015,8
DeMarre Carroll 2016,8
Jeff Teague,8
Patrick Beverley 2015,8
Wesley Matthews,8
Chris Paul,8
Jae Crowder,8
Jeff Teague 2016,8
Ryan Anderson 2016,8
Arron Afflalo 2016,8
Victor Oladipo 2016,8
Joe Johnson 2015,8
Bradley Beal 2015,8
Jrue Holiday 2016,8
Tim Hardaway Jr.,8
Tyler Johnson,8
Victor Oladipo,8
Al Horford,8
Otto Porter Jr.,8
Jrue Holiday,8
Marvin Williams 2016,8
Justise Winslow,8
Kentavious Caldwell-Pope,8
Klay Thompson,9
Paul George,9
Kawhi Leonard,9
James Harden,9
James Harden 2015,9
Russell Westbrook,9
Kyle Lowry,9
Isaiah Thomas,9
DeMarcus Cousins,9
LeBron James,9
Damian Lillard,9
John Wall,9
Russell Westbrook 2015,9
Jimmy Butler,9
Stephen Curry,9
DeMar DeRozan,9
Kemba Walker,9
Kevin Durant,9
Kyrie Irving,9
Giannis Antetokounmpo,9
Bradley Beal,9
Damian Lillard 2015,9
Karl-Anthony Towns,9
Anthony Davis,9
Gordon Hayward,9
Blake Griffin,9
Anthony Davis 2015,9
LeBron James 2016,9
DeMar DeRozan 2016,9
Blake Griffin 2016,9
LeBron James 2015,9
Klay Thompson 2016,9
Stephen Curry 2015,9
DeMarcus Cousins 2016,9
Russell Westbrook 2016,9
LaMarcus Aldridge 2015,9
Kevin Durant 2016,9
Blake Griffin 2015,9
Stephen Curry 2016,9
Kyle Lowry 2016,9
Kawhi Leonard 2016,9
Kyrie Irving 2015,9
Chris Paul 2015,9
Klay Thompson 2015,9
Kevin Durant 2015,9
Paul George 2016,9
DeMarcus Cousins 2015,9
Chris Paul 2016,9
James Harden 2016,9
Damian Lillard 2016,9
Isaiah Thomas 2016,9
Kenneth Faried,10
Mason Plumlee 2016,10
Trevor Booker,10
Robin Lopez 2015,10
Taj Gibson 2015,10
Aaron Gordon 2016,10
Ian Mahinmi 2016,10
Robin Lopez 2016,10
Tony Allen,10
Gorgui Dieng,10
Michael Kidd-Gilchrist,10
Taj Gibson 2016,10
Steven Adams 2016,10
Tristan Thompson 2015,10
Rudy Gobert 2015,10
Thaddeus Young,10
PJ Tucker 2015,10
Anderson Varejao 2015,10
Joakim Noah 2015,10
Terrence Jones 2015,10
Tyson Chandler 2015,10
Brandon Bass 2015,10
Steven Adams,10
Zach Randolph,10
Kenneth Faried 2015,10
Ed Davis 2015,10
Al-Farouq Aminu,10
Roy Hibbert 2015,10
Omer Asik 2015,10
Jon Leuer,10
Steven Adams 2015,10
Zaza Pachulia 2016,10
Enes Kanter,10
PJ Tucker,10
Jonas Valanciunas 2016,10
Al Jefferson 2016,10
Evan Turner 2016,10
Michael Kidd-Gilchrist 2015,10
Donatas Motiejunas 2015,10
Cody Zeller,10
Gorgui Dieng 2015,10
Andre Roberson,10
Jusuf Nurkic,10
Timofey Mozgov 2015,10
Andrew Bogut 2015,10
Greg Monroe,10
Derrick Favors,10
Cody Zeller 2015,10
Tyson Chandler 2016,10
Terrence Jones,10
Kenneth Faried 2016,10
Jonas Valanciunas 2015,10
Al-Farouq Aminu 2016,10
Tristan Thompson 2016,10
Myles Turner 2016,10
Rudy Gobert 2016,10
Tyson Chandler,10
Nene 2015,10
Nikola Jokic 2016,10
Tony Allen 2015,10
Cody Zeller 2016,10
Harrison Barnes 2015,10
Taj Gibson,10
Gorgui Dieng 2016,10
David West 2015,10
Robin Lopez,10
JaMychal Green,10
Justise Winslow 2016,10
Amir Johnson 2015,10
Jonas Valanciunas,10
Enes Kanter 2016,10
Tristan Thompson,10
Alex Len 2016,10
Hassan Whiteside 2015,10
Clint Capela,10
Zaza Pachulia 2015,10
Mason Plumlee,10
Jared Sullinger 2016,10
Pau Gasol,10
