date,attributes,rDev,name
"Jan 04, 2017",look: 1.75 | smell: 1.75 | taste: 2 | feel: 2 | overall: 2,-1%,Busch Light | Anheuser-Busch
"Dec 12, 2016",look: 4 | smell: 4.25 | taste: 5 | feel: 5 | overall: 4.5,+139%,Busch Light | Anheuser-Busch
"Sep 26, 2016",look: 2 | smell: 2 | taste: 2 | feel: 2.5 | overall: 2,+5.1%,Busch Light | Anheuser-Busch
"Sep 25, 2016",look: 5 | smell: 5 | taste: 5 | feel: 5 | overall: 5,+156.4%,Busch Light | Anheuser-Busch
"Sep 17, 2016",look: 5 | smell: 2 | taste: 4 | feel: 5 | overall: 4.75,+96.4%,Busch Light | Anheuser-Busch
"Sep 11, 2016",look: 1 | smell: 4 | taste: 3 | feel: 5 | overall: 4.75,+88.2%,Busch Light | Anheuser-Busch
"Aug 13, 2016",look: 3 | smell: 1 | taste: 1 | feel: 3 | overall: 1.5,-27.2%,Busch Light | Anheuser-Busch
"Jul 12, 2016",look: 2 | smell: 2 | taste: 2 | feel: 1.5 | overall: 1.75,-2.6%,Busch Light | Anheuser-Busch
"Jun 01, 2016",look: 1 | smell: 1 | taste: 1.25 | feel: 1.25 | overall: 1.25,-39.5%,Busch Light | Anheuser-Busch
"May 29, 2016",look: 1.5 | smell: 2.25 | taste: 2 | feel: 1.75 | overall: 2,+3.1%,Busch Light | Anheuser-Busch
"May 14, 2016",look: 2.5 | smell: 2.5 | taste: 2.5 | feel: 2.5 | overall: 2.5,+28.2%,Busch Light | Anheuser-Busch
"Apr 22, 2016",look: 3.5 | smell: 1.5 | taste: 2 | feel: 2.5 | overall: 2,+3.6%,Busch Light | Anheuser-Busch
"Apr 18, 2016",look: 1.75 | smell: 1.75 | taste: 2 | feel: 1.75 | overall: 2,-2.6%,Busch Light | Anheuser-Busch
"Apr 11, 2016",look: 3.5 | smell: 3.5 | taste: 4 | feel: 4 | overall: 4.5,+102.6%,Busch Light | Anheuser-Busch
"Apr 05, 2016",look: 1.75 | smell: 1.75 | taste: 2 | feel: 1.75 | overall: 1.75,-5.1%,Busch Light | Anheuser-Busch
"Mar 28, 2016",look: 4.5 | smell: 3 | taste: 4 | feel: 3.5 | overall: 4,+91.8%,Busch Light | Anheuser-Busch
"Mar 17, 2016",look: 3 | smell: 1.75 | taste: 2 | feel: 2.5 | overall: 2.25,+7.7%,Busch Light | Anheuser-Busch
"Feb 10, 2016",look: 4 | smell: 3 | taste: 3 | feel: 2 | overall: 3,+51.8%,Busch Light | Anheuser-Busch
"Jan 12, 2016",look: 2 | smell: 1.5 | taste: 1.5 | feel: 2 | overall: 1.75,-16.4%,Busch Light | Anheuser-Busch
"Jan 10, 2016",look: 2 | smell: 1.75 | taste: 2 | feel: 1.75 | overall: 2,-1.5%,Busch Light | Anheuser-Busch
"Dec 01, 2015",look: 2 | smell: 2 | taste: 3 | feel: 2.5 | overall: 2.75,+33.3%,Busch Light | Anheuser-Busch
"Nov 14, 2015",look: 3.25 | smell: 2 | taste: 1.25 | feel: 1 | overall: 2,-13.8%,Busch Light | Anheuser-Busch
"Oct 12, 2015",look: 2 | smell: 2 | taste: 2 | feel: 2 | overall: 2,+2.6%,Busch Light | Anheuser-Busch
"Oct 04, 2015",look: 1 | smell: 1.5 | taste: 1.75 | feel: 1.5 | overall: 1.75,-16.9%,Busch Light | Anheuser-Busch
"Aug 10, 2015",look: 2.75 | smell: 2.25 | taste: 2.25 | feel: 2 | overall: 2,+13.3%,Busch Light | Anheuser-Busch
"Jul 30, 2015",look: 3 | smell: 3 | taste: 2.5 | feel: 2.5 | overall: 2.75,+38.5%,Busch Light | Anheuser-Busch
"Jun 29, 2015",look: 1.5 | smell: 1.75 | taste: 2 | feel: 2 | overall: 2,-2.1%,Busch Light | Anheuser-Busch
"Jun 25, 2015",look: 2 | smell: 2 | taste: 2 | feel: 2 | overall: 2,+2.6%,Busch Light | Anheuser-Busch
"Jun 20, 2015",look: 2.75 | smell: 2.75 | taste: 2.25 | feel: 2.25 | overall: 2.5,+25.6%,Busch Light | Anheuser-Busch
"May 19, 2015",look: 1.5 | smell: 2 | taste: 2.75 | feel: 2 | overall: 2,+16.4%,Busch Light | Anheuser-Busch
"May 06, 2015",look: 2.25 | smell: 2.25 | taste: 3 | feel: 1.75 | overall: 2.5,+30.8%,Busch Light | Anheuser-Busch
"Apr 20, 2015",look: 2.25 | smell: 2.25 | taste: 2.5 | feel: 2.5 | overall: 2.5,+24.6%,Busch Light | Anheuser-Busch
"Feb 06, 2015",look: 2 | smell: 1.5 | taste: 1.5 | feel: 1.5 | overall: 2,-16.4%,Busch Light | Anheuser-Busch
"Jan 27, 2015",look: 2.25 | smell: 1.25 | taste: 1 | feel: 1.25 | overall: 1.25,-37.9%,Busch Light | Anheuser-Busch
"Jan 24, 2015",look: 3 | smell: 3 | taste: 3.25 | feel: 2.5 | overall: 3,+56.4%,Busch Light | Anheuser-Busch
"Dec 23, 2014",look: 3 | smell: 1.5 | taste: 4 | feel: 3.5 | overall: 3.5,+63.6%,Busch Light | Anheuser-Busch
"Dec 08, 2014",372 characters,+130.8%,Busch Light | Anheuser-Busch
"Nov 24, 2014",487 characters,+92.3%,Busch Light | Anheuser-Busch
"Nov 23, 2014",510 characters,-48.7%,Busch Light | Anheuser-Busch
"Sep 21, 2014",415 characters,-48.7%,Busch Light | Anheuser-Busch
"Aug 17, 2014","1,863 characters",+2.6%,Busch Light | Anheuser-Busch
"Jul 22, 2014",look: 1.75 | smell: 1.75 | taste: 2 | feel: 2 | overall: 1.75,-3.6%,Busch Light | Anheuser-Busch
"Jun 20, 2014",look: 2.5 | smell: 2.25 | taste: 2.25 | feel: 2.25 | overall: 2.25,+16.4%,Busch Light | Anheuser-Busch
"Jun 15, 2014",look: 2.5 | smell: 3 | taste: 3.25 | feel: 3 | overall: 3.25,+60%,Busch Light | Anheuser-Busch
"May 21, 2014",look: 1.5 | smell: 1.5 | taste: 2.25 | feel: 2.5 | overall: 2,+2.6%,Busch Light | Anheuser-Busch
"Apr 23, 2014",look: 2 | smell: 1.75 | taste: 2 | feel: 1.75 | overall: 2,-1.5%,Busch Light | Anheuser-Busch
"Apr 14, 2014",look: 2.5 | smell: 2 | taste: 2 | feel: 2 | overall: 2.25,+6.7%,Busch Light | Anheuser-Busch
"Feb 09, 2014",look: 4 | smell: 4 | taste: 4 | feel: 3.5 | overall: 4,+102.6%,Busch Light | Anheuser-Busch
"Jan 25, 2014",look: 2.25 | smell: 1.75 | taste: 2 | feel: 1.75 | overall: 2,-1%,Busch Light | Anheuser-Busch
"Dec 12, 2013",look: 1.75 | smell: 1.25 | taste: 1.75 | feel: 1.5 | overall: 1.75,-17.4%,Busch Light | Anheuser-Busch
"Nov 27, 2013",look: 2.25 | smell: 2.25 | taste: 2.25 | feel: 2.75 | overall: 2.75,+23.1%,Busch Light | Anheuser-Busch
"Nov 03, 2013",look: 2.25 | smell: 2 | taste: 1.5 | feel: 2.25 | overall: 1.75,-8.2%,Busch Light | Anheuser-Busch
"Oct 21, 2013",look: 1.5 | smell: 2.25 | taste: 1.75 | feel: 1.5 | overall: 1.75,-6.2%,Busch Light | Anheuser-Busch
"Oct 21, 2013",look: 1.5 | smell: 1.25 | taste: 1.25 | feel: 1.5 | overall: 2.5,-21%,Busch Light | Anheuser-Busch
"Sep 28, 2013",look: 3 | smell: 3 | taste: 3 | feel: 2.75 | overall: 3,+52.8%,Busch Light | Anheuser-Busch
"Sep 08, 2013",look: 3.5 | smell: 2.5 | taste: 2.5 | feel: 3 | overall: 2.5,+33.8%,Busch Light | Anheuser-Busch
"Aug 21, 2013",look: 2 | smell: 2.5 | taste: 1.75 | feel: 1.75 | overall: 1.75,look: 2 | smell: 2.5 | taste: 1.75 | feel: 1.75 | overall: 1.75,Busch Light | Anheuser-Busch
"Aug 11, 2013",look: 2 | smell: 1.75 | taste: 1.75 | feel: 1.75 | overall: 1.75,-9.2%,Busch Light | Anheuser-Busch
"Aug 06, 2013",look: 1 | smell: 1 | taste: 1 | feel: 3 | overall: 2,-28.2%,Busch Light | Anheuser-Busch
"Jul 31, 2013",look: 2 | smell: 2 | taste: 2 | feel: 2.5 | overall: 2,+5.1%,Busch Light | Anheuser-Busch
"Jul 12, 2013",look: 2 | smell: 2 | taste: 2 | feel: 1.5 | overall: 1.75,-2.6%,Busch Light | Anheuser-Busch
"Jun 27, 2013",look: 2 | smell: 2 | taste: 2 | feel: 2 | overall: 2,+2.6%,Busch Light | Anheuser-Busch
"Jun 12, 2013",look: 3.25 | smell: 3.25 | taste: 3.25 | feel: 3.25 | overall: 3.25,+66.7%,Busch Light | Anheuser-Busch
"Jun 09, 2013",look: 2.5 | smell: 2.25 | taste: 2.5 | feel: 2.25 | overall: 2.25,+21.5%,Busch Light | Anheuser-Busch
"Apr 18, 2013",look: 3 | smell: 1.75 | taste: 2.5 | feel: 3 | overall: 2.75,+25.6%,Busch Light | Anheuser-Busch
"Apr 07, 2013",look: 3.25 | smell: 2.75 | taste: 2.5 | feel: 2.5 | overall: 2.5,+33.8%,Busch Light | Anheuser-Busch
"Mar 06, 2013",look: 1 | smell: 1 | taste: 1 | feel: 1.25 | overall: 1,-47.2%,Busch Light | Anheuser-Busch
"Feb 20, 2013",look: 3 | smell: 2.75 | taste: 3 | feel: 3 | overall: 2.75,+48.2%,Busch Light | Anheuser-Busch
"Feb 07, 2013",look: 2.5 | smell: 2.5 | taste: 2 | feel: 2 | overall: 2,+10.3%,Busch Light | Anheuser-Busch
"Jan 20, 2013",look: 3 | smell: 2.25 | taste: 2.75 | feel: 3 | overall: 2.75,+36.9%,Busch Light | Anheuser-Busch
"Jan 17, 2013",look: 1 | smell: 1 | taste: 1 | feel: 1 | overall: 1,-48.7%,Busch Light | Anheuser-Busch
"Jan 04, 2013",look: 1.5 | smell: 1.25 | taste: 1 | feel: 2 | overall: 1,-39%,Busch Light | Anheuser-Busch
"Dec 29, 2012",look: 3 | smell: 2 | taste: 3 | feel: 3 | overall: 2.5,+36.4%,Busch Light | Anheuser-Busch
"Dec 23, 2012",look: 3.25 | smell: 3.5 | taste: 3.5 | feel: 3 | overall: 3.5,+76.4%,Busch Light | Anheuser-Busch
"Dec 14, 2012",look: 1.5 | smell: 2 | taste: 1 | feel: 2 | overall: 2,-19.5%,Busch Light | Anheuser-Busch
"Dec 10, 2012",look: 3 | smell: 1 | taste: 1 | feel: 1.5 | overall: 1.5,-34.9%,Busch Light | Anheuser-Busch
"Oct 30, 2012",look: 2.5 | smell: 2.5 | taste: 3 | feel: 3 | overall: 3,+46.2%,Busch Light | Anheuser-Busch
"Oct 17, 2012",look: 2 | smell: 2 | taste: 1.5 | feel: 2 | overall: 2,-7.7%,Busch Light | Anheuser-Busch
"Sep 20, 2012",look: 2 | smell: 1.5 | taste: 2 | feel: 2.5 | overall: 2,-1%,Busch Light | Anheuser-Busch
"Sep 12, 2012",look: 1 | smell: 1 | taste: 1.5 | feel: 4 | overall: 1.5,-17.9%,Busch Light | Anheuser-Busch
"Aug 29, 2012",look: 2 | smell: 1.5 | taste: 3 | feel: 1.5 | overall: 2,+14.4%,Busch Light | Anheuser-Busch
"Aug 09, 2012",look: 1.75 | smell: 1.25 | taste: 1 | feel: 2 | overall: 1.5,-32.8%,Busch Light | Anheuser-Busch
"Jun 17, 2012",look: 1.5 | smell: 2 | taste: 1 | feel: 2.5 | overall: 1,-27.2%,Busch Light | Anheuser-Busch
"Jun 12, 2012",look: 1 | smell: 1 | taste: 1 | feel: 2 | overall: 1,-43.6%,Busch Light | Anheuser-Busch
"May 05, 2012",look: 3 | smell: 3 | taste: 4 | feel: 2 | overall: 3,+69.2%,Busch Light | Anheuser-Busch
"Apr 09, 2012",look: 1 | smell: 1.5 | taste: 1.5 | feel: 1 | overall: 1.5,-27.2%,Busch Light | Anheuser-Busch
"Apr 06, 2012",look: 5 | smell: 5 | taste: 5 | feel: 5 | overall: 5,+156.4%,Busch Light | Anheuser-Busch
"Mar 27, 2012",look: 2 | smell: 2 | taste: 1.5 | feel: 1.5 | overall: 1.5,-15.4%,Busch Light | Anheuser-Busch
"Mar 26, 2012",look: 1.5 | smell: 1 | taste: 2 | feel: 2.5 | overall: 2.5,-3.6%,Busch Light | Anheuser-Busch
"Mar 02, 2012",look: 3 | smell: 1.5 | taste: 1 | feel: 1.5 | overall: 1.5,-28.7%,Busch Light | Anheuser-Busch
"Feb 17, 2012",look: 2 | smell: 1.5 | taste: 2 | feel: 2.5 | overall: 2,-1%,Busch Light | Anheuser-Busch
"Feb 17, 2012",look: 2 | smell: 1 | taste: 1 | feel: 1.5 | overall: 2,-32.8%,Busch Light | Anheuser-Busch
"Feb 15, 2012",look: 2 | smell: 1.5 | taste: 2 | feel: 1.5 | overall: 2,-6.2%,Busch Light | Anheuser-Busch
"Feb 03, 2012",look: 4 | smell: 4 | taste: 3 | feel: 3 | overall: 3,+69.2%,Busch Light | Anheuser-Busch
"Jan 17, 2012",look: 3.5 | smell: 1.5 | taste: 2.5 | feel: 3 | overall: 2.5,+21.5%,Busch Light | Anheuser-Busch
"Dec 30, 2011",look: 1.5 | smell: 1 | taste: 1 | feel: 1.5 | overall: 1,-44.6%,Busch Light | Anheuser-Busch
"Dec 28, 2011",look: 1 | smell: 1 | taste: 1 | feel: 1 | overall: 1,-48.7%,Busch Light | Anheuser-Busch
"Dec 21, 2011",look: 1.5 | smell: 2 | taste: 2 | feel: 1.5 | overall: 2,-1.5%,Busch Light | Anheuser-Busch
"Dec 15, 2011",look: 1.5 | smell: 3.5 | taste: 1.5 | feel: 1 | overall: 1.5,-1%,Busch Light | Anheuser-Busch
"Dec 02, 2011",look: 1 | smell: 1 | taste: 3 | feel: 2 | overall: 1,-2.6%,Busch Light | Anheuser-Busch
"Dec 01, 2011",look: 3.5 | smell: 2.5 | taste: 2.5 | feel: 3 | overall: 3,+39%,Busch Light | Anheuser-Busch
"Dec 01, 2011",look: 1.5 | smell: 2 | taste: 1.5 | feel: 1.5 | overall: 2.5,-6.7%,Busch Light | Anheuser-Busch
"Nov 30, 2011",look: 1.5 | smell: 1 | taste: 1 | feel: 1 | overall: 1,-47.2%,Busch Light | Anheuser-Busch
"Nov 29, 2011",look: 1 | smell: 3 | taste: 3 | feel: 1 | overall: 1.5,+22.1%,Busch Light | Anheuser-Busch
"Nov 14, 2011",look: 2.5 | smell: 2 | taste: 1.5 | feel: 2 | overall: 2,-6.2%,Busch Light | Anheuser-Busch
"Nov 11, 2011",look: 4.5 | smell: 1 | taste: 3.5 | feel: 3 | overall: 3.5,+49.2%,Busch Light | Anheuser-Busch
"Nov 10, 2011",look: 1 | smell: 1 | taste: 1 | feel: 1 | overall: 1,-48.7%,Busch Light | Anheuser-Busch
"Oct 15, 2011",look: 1.5 | smell: 1.5 | taste: 1.5 | feel: 2 | overall: 2,-15.4%,Busch Light | Anheuser-Busch
"Oct 01, 2011",look: 1.5 | smell: 1 | taste: 1.5 | feel: 2 | overall: 2,-21.5%,Busch Light | Anheuser-Busch
"Sep 26, 2011",look: 2 | smell: 2 | taste: 2 | feel: 2.5 | overall: 2.5,+10.3%,Busch Light | Anheuser-Busch
"Sep 17, 2011",look: 3 | smell: 2.5 | taste: 2.5 | feel: 3.5 | overall: 3,+40%,Busch Light | Anheuser-Busch
"Sep 12, 2011",look: 3 | smell: 2 | taste: 3 | feel: 2.5 | overall: 3,+39%,Busch Light | Anheuser-Busch
"Aug 26, 2011",look: 3 | smell: 3 | taste: 2.5 | feel: 2.5 | overall: 3,+41%,Busch Light | Anheuser-Busch
"Aug 22, 2011",look: 2 | smell: 2.5 | taste: 2 | feel: 3.5 | overall: 2,+16.4%,Busch Light | Anheuser-Busch
"Aug 20, 2011",look: 1.5 | smell: 2 | taste: 1 | feel: 1.5 | overall: 1,-32.3%,Busch Light | Anheuser-Busch
"Aug 15, 2011",look: 2 | smell: 2 | taste: 2 | feel: 2.5 | overall: 2,+5.1%,Busch Light | Anheuser-Busch
"Aug 01, 2011",look: 1.5 | smell: 1.5 | taste: 1 | feel: 1.5 | overall: 1,-38.5%,Busch Light | Anheuser-Busch
"Jul 22, 2011",look: 3 | smell: 3 | taste: 4 | feel: 3 | overall: 3.5,+79.5%,Busch Light | Anheuser-Busch
"Jul 04, 2011",look: 3 | smell: 3 | taste: 4 | feel: 4 | overall: 3.5,+84.6%,Busch Light | Anheuser-Busch
"Jul 04, 2011",look: 3 | smell: 3 | taste: 3 | feel: 3 | overall: 3,+53.8%,Busch Light | Anheuser-Busch
"Jun 20, 2011",look: 1.5 | smell: 1.5 | taste: 1.5 | feel: 1.5 | overall: 1.5,-23.1%,Busch Light | Anheuser-Busch
"Jun 19, 2011",look: 1 | smell: 1.5 | taste: 2 | feel: 2 | overall: 2,-6.7%,Busch Light | Anheuser-Busch
"Jun 12, 2011",look: 1 | smell: 1 | taste: 1 | feel: 1 | overall: 1,-48.7%,Busch Light | Anheuser-Busch
"Jun 01, 2011",look: 3 | smell: 2 | taste: 1.5 | feel: 2.5 | overall: 2,-2.1%,Busch Light | Anheuser-Busch
"May 15, 2011",look: 3 | smell: 2 | taste: 2.5 | feel: 3.5 | overall: 2.5,+28.7%,Busch Light | Anheuser-Busch
"Apr 30, 2011",look: 1.5 | smell: 1 | taste: 1 | feel: 1 | overall: 1,-47.2%,Busch Light | Anheuser-Busch
"Apr 28, 2011",look: 1.5 | smell: 1.5 | taste: 1 | feel: 1 | overall: 1.5,-35.9%,Busch Light | Anheuser-Busch
"Apr 25, 2011",look: 3 | smell: 2.5 | taste: 1.5 | feel: 1.5 | overall: 1.5,-6.2%,Busch Light | Anheuser-Busch
"Apr 20, 2011",look: 2.5 | smell: 2.5 | taste: 3 | feel: 3 | overall: 3,+46.2%,Busch Light | Anheuser-Busch
"Apr 04, 2011",look: 4 | smell: 3 | taste: 3 | feel: 2 | overall: 2.5,+46.7%,Busch Light | Anheuser-Busch
"Mar 31, 2011",look: 2 | smell: 2 | taste: 2.5 | feel: 3 | overall: 2,+17.9%,Busch Light | Anheuser-Busch
"Mar 21, 2011",look: 1.5 | smell: 1.5 | taste: 1 | feel: 1.5 | overall: 1.5,-33.3%,Busch Light | Anheuser-Busch
"Mar 13, 2011",look: 2.5 | smell: 2 | taste: 2 | feel: 2.5 | overall: 3,+16.9%,Busch Light | Anheuser-Busch
"Mar 07, 2011",look: 1 | smell: 1 | taste: 1 | feel: 1 | overall: 3,-28.2%,Busch Light | Anheuser-Busch
"Feb 22, 2011",look: 3.5 | smell: 3.5 | taste: 3.5 | feel: 4 | overall: 4,+87.2%,Busch Light | Anheuser-Busch
"Feb 19, 2011",look: 2 | smell: 1.5 | taste: 2 | feel: 1.5 | overall: 1.5,-11.3%,Busch Light | Anheuser-Busch
"Feb 13, 2011",look: 2 | smell: 2.5 | taste: 2 | feel: 3 | overall: 3,+24.1%,Busch Light | Anheuser-Busch
"Jan 31, 2011",look: 1 | smell: 2 | taste: 2 | feel: 1 | overall: 1,-15.9%,Busch Light | Anheuser-Busch
"Jan 13, 2011",look: 3 | smell: 4 | taste: 3.5 | feel: 3.5 | overall: 3.5,+84.1%,Busch Light | Anheuser-Busch
"Jan 03, 2011",look: 1.5 | smell: 1.5 | taste: 1.5 | feel: 2 | overall: 1.5,-20.5%,Busch Light | Anheuser-Busch
"Dec 28, 2010",look: 1 | smell: 1 | taste: 1 | feel: 1 | overall: 1,-48.7%,Busch Light | Anheuser-Busch
"Dec 24, 2010",look: 3 | smell: 3 | taste: 3 | feel: 3 | overall: 3,+53.8%,Busch Light | Anheuser-Busch
"Dec 23, 2010",look: 1 | smell: 2 | taste: 1.5 | feel: 2 | overall: 3,-0.5%,Busch Light | Anheuser-Busch
"Dec 21, 2010",look: 2.5 | smell: 2.5 | taste: 1.5 | feel: 2 | overall: 3,+10.3%,Busch Light | Anheuser-Busch
"Dec 21, 2010",look: 2 | smell: 2 | taste: 1.5 | feel: 1.5 | overall: 2.5,-5.1%,Busch Light | Anheuser-Busch
"Dec 17, 2010",look: 3 | smell: 3 | taste: 3.5 | feel: 3 | overall: 4,+74.4%,Busch Light | Anheuser-Busch
"Nov 19, 2010",look: 2.5 | smell: 3.5 | taste: 3 | feel: 3 | overall: 3.5,+63.6%,Busch Light | Anheuser-Busch
"Nov 16, 2010",look: 1.5 | smell: 1.5 | taste: 1.5 | feel: 1.5 | overall: 1.5,-23.1%,Busch Light | Anheuser-Busch
"Nov 14, 2010",look: 1 | smell: 1.5 | taste: 1.5 | feel: 1.5 | overall: 2,-19.5%,Busch Light | Anheuser-Busch
"Oct 28, 2010",look: 2.5 | smell: 2.5 | taste: 2.5 | feel: 2.5 | overall: 2,+23.1%,Busch Light | Anheuser-Busch
"Oct 25, 2010",look: 1 | smell: 1 | taste: 1.5 | feel: 1.5 | overall: 2,-25.6%,Busch Light | Anheuser-Busch
"Oct 20, 2010",look: 1.5 | smell: 1.5 | taste: 1.5 | feel: 1.5 | overall: 3,-7.7%,Busch Light | Anheuser-Busch
"Oct 08, 2010",look: 1.5 | smell: 1 | taste: 1 | feel: 1 | overall: 1,-47.2%,Busch Light | Anheuser-Busch
"Oct 01, 2010",look: 3 | smell: 3 | taste: 3 | feel: 3 | overall: 3,+53.8%,Busch Light | Anheuser-Busch
"Sep 29, 2010",look: 1.5 | smell: 2 | taste: 2.5 | feel: 3.5 | overall: 4,+39.5%,Busch Light | Anheuser-Busch
"Sep 20, 2010",look: 1 | smell: 1 | taste: 1 | feel: 1 | overall: 1,-48.7%,Busch Light | Anheuser-Busch
"Sep 15, 2010",look: 1.5 | smell: 1.5 | taste: 2 | feel: 2 | overall: 3,+5.1%,Busch Light | Anheuser-Busch
"Sep 15, 2010",look: 2 | smell: 2 | taste: 1.5 | feel: 3 | overall: 4.5,+23.1%,Busch Light | Anheuser-Busch
"Sep 12, 2010",look: 2 | smell: 2 | taste: 2 | feel: 3.5 | overall: 5,+41%,Busch Light | Anheuser-Busch
"Sep 07, 2010",look: 1.5 | smell: 2.5 | taste: 2.5 | feel: 2 | overall: 3,+27.7%,Busch Light | Anheuser-Busch
"Sep 03, 2010",look: 2 | smell: 2 | taste: 1 | feel: 2.5 | overall: 1.5,-20.5%,Busch Light | Anheuser-Busch
"Aug 31, 2010",look: 2 | smell: 2 | taste: 2.5 | feel: 2.5 | overall: 3,+25.6%,Busch Light | Anheuser-Busch
"Aug 24, 2010",look: 2 | smell: 2.5 | taste: 3.5 | feel: 3.5 | overall: 4,+67.7%,Busch Light | Anheuser-Busch
"Aug 18, 2010",look: 1.5 | smell: 1 | taste: 1 | feel: 1 | overall: 2,-36.9%,Busch Light | Anheuser-Busch
"Aug 18, 2010",look: 2 | smell: 1.5 | taste: 1.5 | feel: 2 | overall: 2.5,-8.7%,Busch Light | Anheuser-Busch
"Aug 16, 2010",look: 1.5 | smell: 2 | taste: 2 | feel: 3 | overall: 4,+26.7%,Busch Light | Anheuser-Busch
"Aug 12, 2010",look: 1.5 | smell: 2 | taste: 2 | feel: 2 | overall: 2,+1%,Busch Light | Anheuser-Busch
"Jul 31, 2010",look: 2 | smell: 1.5 | taste: 2 | feel: 2 | overall: 2.5,+1.5%,Busch Light | Anheuser-Busch
"Jul 22, 2010",look: 2.5 | smell: 2.5 | taste: 2.5 | feel: 2.5 | overall: 3,+33.3%,Busch Light | Anheuser-Busch
"Jul 14, 2010",look: 2.5 | smell: 2 | taste: 1.5 | feel: 3 | overall: 2,-1%,Busch Light | Anheuser-Busch
"Jul 12, 2010",look: 3 | smell: 2 | taste: 2 | feel: 1.5 | overall: 2,+3.1%,Busch Light | Anheuser-Busch
"Jul 09, 2010",look: 1.5 | smell: 2 | taste: 2.5 | feel: 1.5 | overall: 4,+29.2%,Busch Light | Anheuser-Busch
"Jun 26, 2010",look: 2 | smell: 1.5 | taste: 2 | feel: 2 | overall: 4,+16.9%,Busch Light | Anheuser-Busch
"Jun 26, 2010",look: 2 | smell: 1 | taste: 1.5 | feel: 3.5 | overall: 2,-12.3%,Busch Light | Anheuser-Busch
"Jun 12, 2010",look: 1.5 | smell: 1 | taste: 1 | feel: 1.5 | overall: 5,-3.6%,Busch Light | Anheuser-Busch
"Jun 06, 2010",look: 3 | smell: 1.5 | taste: 2 | feel: 2 | overall: 3,+9.7%,Busch Light | Anheuser-Busch
"May 27, 2010",look: 2 | smell: 2 | taste: 2 | feel: 2 | overall: 5,+33.3%,Busch Light | Anheuser-Busch
"May 24, 2010",look: 4.5 | smell: 4.5 | taste: 5 | feel: 4.5 | overall: 5,+146.2%,Busch Light | Anheuser-Busch
"Apr 18, 2010",look: 1 | smell: 1 | taste: 1.5 | feel: 1 | overall: 1.5,-33.3%,Busch Light | Anheuser-Busch
"Apr 11, 2010",look: 2 | smell: 2 | taste: 2 | feel: 2.5 | overall: 2.5,+10.3%,Busch Light | Anheuser-Busch
"Mar 25, 2010",look: 1 | smell: 1 | taste: 2 | feel: 1 | overall: 1.5,-23.1%,Busch Light | Anheuser-Busch
"Mar 25, 2010",look: 2.5 | smell: 1.5 | taste: 2 | feel: 2.5 | overall: 2,+0.5%,Busch Light | Anheuser-Busch
"Mar 10, 2010",look: 1 | smell: 1 | taste: 2 | feel: 2 | overall: 3,-2.6%,Busch Light | Anheuser-Busch
"Mar 07, 2010",look: 2 | smell: 1.5 | taste: 1.5 | feel: 3 | overall: 3,+1.5%,Busch Light | Anheuser-Busch
"Mar 06, 2010",look: 2 | smell: 2 | taste: 2.5 | feel: 3 | overall: 3,+28.2%,Busch Light | Anheuser-Busch
"Feb 28, 2010",look: 2 | smell: 2 | taste: 2 | feel: 3 | overall: 3,+17.9%,Busch Light | Anheuser-Busch
"Feb 27, 2010",look: 2 | smell: 1.5 | taste: 1.5 | feel: 2 | overall: 3,-3.6%,Busch Light | Anheuser-Busch
"Feb 26, 2010",look: 2 | smell: 1.5 | taste: 1.5 | feel: 2 | overall: 2.5,-8.7%,Busch Light | Anheuser-Busch
"Feb 21, 2010",look: 1.5 | smell: 2 | taste: 2 | feel: 1.5 | overall: 3,+8.7%,Busch Light | Anheuser-Busch
"Feb 20, 2010",look: 1 | smell: 1 | taste: 2 | feel: 2.5 | overall: 2,-10.3%,Busch Light | Anheuser-Busch
"Feb 15, 2010",look: 2 | smell: 1.5 | taste: 1.5 | feel: 2 | overall: 2.5,-8.7%,Busch Light | Anheuser-Busch
"Feb 14, 2010",look: 2 | smell: 2.5 | taste: 2.5 | feel: 2.5 | overall: 4,+42.1%,Busch Light | Anheuser-Busch
"Feb 14, 2010",look: 2 | smell: 1.5 | taste: 2 | feel: 1.5 | overall: 2.5,-1%,Busch Light | Anheuser-Busch
"Jan 31, 2010",look: 3.5 | smell: 1.5 | taste: 1 | feel: 2 | overall: 1,-29.7%,Busch Light | Anheuser-Busch
"Jan 31, 2010",look: 1.5 | smell: 1 | taste: 1 | feel: 1.5 | overall: 1,-44.6%,Busch Light | Anheuser-Busch
"Jan 28, 2010",look: 1 | smell: 1.5 | taste: 1 | feel: 2.5 | overall: 1.5,-29.7%,Busch Light | Anheuser-Busch
"Jan 28, 2010",look: 2.5 | smell: 2 | taste: 1.5 | feel: 3 | overall: 2,-1%,Busch Light | Anheuser-Busch
"Jan 25, 2010",look: 1 | smell: 1 | taste: 1 | feel: 2 | overall: 3,-23.1%,Busch Light | Anheuser-Busch
"Jan 23, 2010",look: 3.5 | smell: 1.5 | taste: 2.5 | feel: 2 | overall: 3.5,+26.7%,Busch Light | Anheuser-Busch
"Jan 21, 2010",look: 2.5 | smell: 1.5 | taste: 1.5 | feel: 2 | overall: 4,+8.2%,Busch Light | Anheuser-Busch
"Jan 10, 2010",look: 3 | smell: 2.5 | taste: 2.5 | feel: 2.5 | overall: 3,+34.9%,Busch Light | Anheuser-Busch
"Jan 01, 2010",look: 2 | smell: 2 | taste: 2.5 | feel: 2 | overall: 2.5,+17.9%,Busch Light | Anheuser-Busch
"Dec 27, 2009",look: 2 | smell: 1.5 | taste: 2 | feel: 3.5 | overall: 3,+14.4%,Busch Light | Anheuser-Busch
"Nov 24, 2009",look: 2 | smell: 1.5 | taste: 1.5 | feel: 2.5 | overall: 2,-11.3%,Busch Light | Anheuser-Busch
"Nov 01, 2009",look: 3 | smell: 3 | taste: 2 | feel: 1 | overall: 3.5,+28.2%,Busch Light | Anheuser-Busch
"Oct 27, 2009",look: 3 | smell: 2 | taste: 1.5 | feel: 2 | overall: 3.5,+10.8%,Busch Light | Anheuser-Busch
"Oct 27, 2009",look: 5 | smell: 5 | taste: 5 | feel: 5 | overall: 5,+156.4%,Busch Light | Anheuser-Busch
"Oct 27, 2009",look: 1.5 | smell: 1 | taste: 1.5 | feel: 1.5 | overall: 2.5,-19%,Busch Light | Anheuser-Busch
"Oct 17, 2009",look: 2.5 | smell: 2 | taste: 2 | feel: 3.5 | overall: 3,+22.1%,Busch Light | Anheuser-Busch
"Sep 25, 2009",look: 1.5 | smell: 2 | taste: 1.5 | feel: 1.5 | overall: 2,-11.8%,Busch Light | Anheuser-Busch
"Sep 12, 2009",look: 2.5 | smell: 1.5 | taste: 1 | feel: 1.5 | overall: 1.5,-30.3%,Busch Light | Anheuser-Busch
"Sep 12, 2009",look: 3 | smell: 3 | taste: 4 | feel: 3 | overall: 5,+94.9%,Busch Light | Anheuser-Busch
"Sep 07, 2009",look: 2 | smell: 2 | taste: 2 | feel: 1.5 | overall: 2,look: 2 | smell: 2 | taste: 2 | feel: 1.5 | overall: 2,Busch Light | Anheuser-Busch
"Sep 04, 2009",look: 1 | smell: 1 | taste: 1 | feel: 1 | overall: 1,-48.7%,Busch Light | Anheuser-Busch
"Sep 02, 2009",look: 1.5 | smell: 1.5 | taste: 1.5 | feel: 2 | overall: 2.5,-10.3%,Busch Light | Anheuser-Busch
"Sep 02, 2009",look: 1 | smell: 1 | taste: 2 | feel: 1 | overall: 2.5,-12.8%,Busch Light | Anheuser-Busch
"Aug 18, 2009",look: 3 | smell: 1 | taste: 2 | feel: 2 | overall: 1.5,-11.8%,Busch Light | Anheuser-Busch
"Aug 11, 2009",look: 2 | smell: 2 | taste: 2 | feel: 1.5 | overall: 2,look: 2 | smell: 2 | taste: 2 | feel: 1.5 | overall: 2,Busch Light | Anheuser-Busch
"Aug 02, 2009",look: 2 | smell: 1 | taste: 1.5 | feel: 1 | overall: 3,-14.9%,Busch Light | Anheuser-Busch
"Jul 27, 2009",look: 1.5 | smell: 2 | taste: 2 | feel: 1.5 | overall: 2.5,+3.6%,Busch Light | Anheuser-Busch
"Jul 19, 2009",look: 2 | smell: 2 | taste: 1 | feel: 2.5 | overall: 3.5,look: 2 | smell: 2 | taste: 1 | feel: 2.5 | overall: 3.5,Busch Light | Anheuser-Busch
"Jul 12, 2009",look: 1 | smell: 1.5 | taste: 2.5 | feel: 2 | overall: 1,-6.7%,Busch Light | Anheuser-Busch
"Jul 01, 2009",look: 1.5 | smell: 1.5 | taste: 3 | feel: 3.5 | overall: 4.5,+48.7%,Busch Light | Anheuser-Busch
"Jun 30, 2009",look: 3 | smell: 2 | taste: 2.5 | feel: 3 | overall: 3,+31.3%,Busch Light | Anheuser-Busch
"May 18, 2009",look: 1.5 | smell: 1.5 | taste: 1.5 | feel: 1.5 | overall: 2,-17.9%,Busch Light | Anheuser-Busch
"Apr 29, 2009",look: 1.5 | smell: 1.5 | taste: 2.5 | feel: 2.5 | overall: 2.5,+12.8%,Busch Light | Anheuser-Busch
"Apr 18, 2009",look: 3 | smell: 2 | taste: 2 | feel: 3 | overall: 3.5,+26.2%,Busch Light | Anheuser-Busch
"Apr 01, 2009",look: 2 | smell: 2 | taste: 2 | feel: 2 | overall: 2,+2.6%,Busch Light | Anheuser-Busch
"Mar 11, 2009",look: 3 | smell: 2 | taste: 2 | feel: 2 | overall: 2.5,+10.8%,Busch Light | Anheuser-Busch
"Mar 08, 2009",look: 2 | smell: 1.5 | taste: 1.5 | feel: 2 | overall: 3.5,+1.5%,Busch Light | Anheuser-Busch
"Feb 27, 2009",look: 2 | smell: 1.5 | taste: 2.5 | feel: 2 | overall: 3,+16.9%,Busch Light | Anheuser-Busch
"Feb 15, 2009",look: 1.5 | smell: 1 | taste: 3 | feel: 3 | overall: 5,+45.1%,Busch Light | Anheuser-Busch
"Jan 24, 2009",look: 1 | smell: 1 | taste: 2 | feel: 1 | overall: 3,-7.7%,Busch Light | Anheuser-Busch
"Jan 18, 2009",look: 2.5 | smell: 1.5 | taste: 1 | feel: 3 | overall: 1.5,-22.6%,Busch Light | Anheuser-Busch
"Jan 12, 2009",look: 2 | smell: 1.5 | taste: 2 | feel: 2 | overall: 3,+6.7%,Busch Light | Anheuser-Busch
"Jan 11, 2009",look: 2.5 | smell: 2.5 | taste: 2 | feel: 2.5 | overall: 3,+23.1%,Busch Light | Anheuser-Busch
"Jan 03, 2009",look: 2 | smell: 2 | taste: 1.5 | feel: 2.5 | overall: 1.5,-10.3%,Busch Light | Anheuser-Busch
"Dec 09, 2008",look: 2 | smell: 1.5 | taste: 1 | feel: 1.5 | overall: 1.5,-31.8%,Busch Light | Anheuser-Busch
"Dec 04, 2008",look: 1.5 | smell: 1.5 | taste: 1.5 | feel: 1.5 | overall: 2,-17.9%,Busch Light | Anheuser-Busch
"Dec 01, 2008",look: 2 | smell: 1.5 | taste: 1.5 | feel: 2 | overall: 1.5,-19%,Busch Light | Anheuser-Busch
"Nov 30, 2008",look: 2 | smell: 1 | taste: 1 | feel: 1 | overall: 2,-35.4%,Busch Light | Anheuser-Busch
"Nov 24, 2008",look: 2 | smell: 1.5 | taste: 2 | feel: 2 | overall: 2,-3.6%,Busch Light | Anheuser-Busch
"Nov 16, 2008",look: 2 | smell: 1.5 | taste: 1.5 | feel: 1.5 | overall: 2,-16.4%,Busch Light | Anheuser-Busch
"Oct 29, 2008",look: 2.5 | smell: 2.5 | taste: 2 | feel: 2 | overall: 3,+20.5%,Busch Light | Anheuser-Busch
"Oct 29, 2008",look: 2 | smell: 1.5 | taste: 1.5 | feel: 2 | overall: 1.5,-19%,Busch Light | Anheuser-Busch
"Oct 27, 2008",look: 3 | smell: 2.5 | taste: 2 | feel: 2 | overall: 3,+22.1%,Busch Light | Anheuser-Busch
"Oct 25, 2008",look: 2 | smell: 1.5 | taste: 2 | feel: 1.5 | overall: 2,-6.2%,Busch Light | Anheuser-Busch
"Oct 21, 2008",look: 1 | smell: 1 | taste: 1 | feel: 1 | overall: 1,-48.7%,Busch Light | Anheuser-Busch
"Oct 20, 2008",look: 3 | smell: 3 | taste: 3 | feel: 2.5 | overall: 5,+71.8%,Busch Light | Anheuser-Busch
"Sep 30, 2008",look: 2 | smell: 1 | taste: 2 | feel: 2.5 | overall: 2.5,-2.1%,Busch Light | Anheuser-Busch
"Sep 28, 2008",look: 1 | smell: 1 | taste: 1 | feel: 1 | overall: 1,-48.7%,Busch Light | Anheuser-Busch
"Sep 19, 2008",look: 2.5 | smell: 2.5 | taste: 3 | feel: 3 | overall: 4,+56.4%,Busch Light | Anheuser-Busch
"Sep 15, 2008",look: 3.5 | smell: 3 | taste: 3.5 | feel: 3.5 | overall: 3.5,+73.3%,Busch Light | Anheuser-Busch
"Aug 27, 2008",look: 4 | smell: 3.5 | taste: 3 | feel: 3.5 | overall: 2,+55.4%,Busch Light | Anheuser-Busch
"Aug 23, 2008",look: 1 | smell: 1 | taste: 1 | feel: 1.5 | overall: 1,-46.2%,Busch Light | Anheuser-Busch
"Aug 18, 2008",look: 1.5 | smell: 1.5 | taste: 2 | feel: 1.5 | overall: 2,-7.7%,Busch Light | Anheuser-Busch
"Aug 12, 2008",look: 2 | smell: 2 | taste: 2.5 | feel: 2 | overall: 4,+33.3%,Busch Light | Anheuser-Busch
"Jul 19, 2008",look: 1.5 | smell: 1.5 | taste: 1.5 | feel: 1 | overall: 2,-20.5%,Busch Light | Anheuser-Busch
"Jul 14, 2008",look: 2 | smell: 2 | taste: 1 | feel: 1.5 | overall: 4,look: 2 | smell: 2 | taste: 1 | feel: 1.5 | overall: 4,Busch Light | Anheuser-Busch
"Jul 02, 2008",look: 2 | smell: 2 | taste: 1.5 | feel: 1.5 | overall: 3,look: 2 | smell: 2 | taste: 1.5 | feel: 1.5 | overall: 3,Busch Light | Anheuser-Busch
"Jun 30, 2008",look: 2 | smell: 2 | taste: 2 | feel: 2 | overall: 3,+12.8%,Busch Light | Anheuser-Busch
"Jun 18, 2008",look: 2 | smell: 2 | taste: 2 | feel: 2.5 | overall: 3,+15.4%,Busch Light | Anheuser-Busch
"May 11, 2008",look: 2.5 | smell: 2 | taste: 2 | feel: 2.5 | overall: 3,+16.9%,Busch Light | Anheuser-Busch
"May 05, 2008",look: 1.5 | smell: 1 | taste: 1 | feel: 1.5 | overall: 1.5,-39.5%,Busch Light | Anheuser-Busch
"Apr 17, 2008",look: 1.5 | smell: 1.5 | taste: 1.5 | feel: 1.5 | overall: 2,-17.9%,Busch Light | Anheuser-Busch
"Apr 09, 2008",look: 3 | smell: 2 | taste: 3.5 | feel: 5 | overall: 4.5,+77.4%,Busch Light | Anheuser-Busch
"Mar 18, 2008",look: 1.5 | smell: 1.5 | taste: 1.5 | feel: 2.5 | overall: 3.5,+2.6%,Busch Light | Anheuser-Busch
"Feb 24, 2008",look: 2 | smell: 1.5 | taste: 1 | feel: 3 | overall: 1.5,-24.1%,Busch Light | Anheuser-Busch
"Feb 24, 2008",look: 1.5 | smell: 1.5 | taste: 2 | feel: 3 | overall: 1.5,-5.1%,Busch Light | Anheuser-Busch
"Feb 17, 2008",look: 1.5 | smell: 1.5 | taste: 1 | feel: 2 | overall: 1.5,-30.8%,Busch Light | Anheuser-Busch
"Feb 15, 2008",look: 1 | smell: 1.5 | taste: 1.5 | feel: 2.5 | overall: 2,-14.4%,Busch Light | Anheuser-Busch
"Feb 09, 2008",look: 2 | smell: 2 | taste: 2.5 | feel: 1 | overall: 2.5,+12.8%,Busch Light | Anheuser-Busch
"Feb 08, 2008",look: 1.5 | smell: 2 | taste: 1.5 | feel: 1.5 | overall: 1.5,-16.9%,Busch Light | Anheuser-Busch
"Jan 30, 2008",look: 1.5 | smell: 1.5 | taste: 1 | feel: 1.5 | overall: 1,-38.5%,Busch Light | Anheuser-Busch
"Jan 24, 2008",look: 3 | smell: 2 | taste: 3.5 | feel: 3 | overall: 3.5,+56.9%,Busch Light | Anheuser-Busch
"Jan 17, 2008",look: 3 | smell: 1.5 | taste: 1 | feel: 1.5 | overall: 2,-23.6%,Busch Light | Anheuser-Busch
"Dec 31, 2007",look: 2 | smell: 1.5 | taste: 1.5 | feel: 2 | overall: 2,-13.8%,Busch Light | Anheuser-Busch
"Dec 29, 2007",look: 2 | smell: 2 | taste: 1 | feel: 2 | overall: 1.5,-23.1%,Busch Light | Anheuser-Busch
"Dec 16, 2007",look: 1.5 | smell: 1.5 | taste: 1.5 | feel: 2 | overall: 2,-15.4%,Busch Light | Anheuser-Busch
"Nov 20, 2007",look: 1.5 | smell: 1.5 | taste: 1 | feel: 1 | overall: 1.5,-35.9%,Busch Light | Anheuser-Busch
"Oct 29, 2007",look: 2 | smell: 2 | taste: 2 | feel: 3 | overall: 3.5,+23.1%,Busch Light | Anheuser-Busch
"Oct 25, 2007",look: 3 | smell: 2.5 | taste: 2.5 | feel: 3 | overall: 2.5,+32.3%,Busch Light | Anheuser-Busch
"Oct 13, 2007",look: 2 | smell: 1.5 | taste: 2 | feel: 2.5 | overall: 3,+9.2%,Busch Light | Anheuser-Busch
"Oct 08, 2007",look: 2.5 | smell: 2.5 | taste: 2.5 | feel: 3 | overall: 4.5,+51.3%,Busch Light | Anheuser-Busch
"Sep 12, 2007",look: 1 | smell: 1.5 | taste: 1.5 | feel: 1.5 | overall: 2,-19.5%,Busch Light | Anheuser-Busch
"Sep 10, 2007",look: 1.5 | smell: 1.5 | taste: 2 | feel: 2.5 | overall: 2.5,+2.6%,Busch Light | Anheuser-Busch
"Aug 21, 2007",look: 2 | smell: 1.5 | taste: 1.5 | feel: 1.5 | overall: 2,-16.4%,Busch Light | Anheuser-Busch
"Aug 10, 2007",look: 2 | smell: 2 | taste: 2.5 | feel: 2.5 | overall: 3,+25.6%,Busch Light | Anheuser-Busch
"Aug 09, 2007",look: 3 | smell: 2 | taste: 1.5 | feel: 1.5 | overall: 2,-7.2%,Busch Light | Anheuser-Busch
"Aug 08, 2007",look: 1.5 | smell: 1.5 | taste: 2 | feel: 2 | overall: 1.5,-10.3%,Busch Light | Anheuser-Busch
"Aug 06, 2007",look: 1.5 | smell: 1 | taste: 1.5 | feel: 2 | overall: 3.5,-6.2%,Busch Light | Anheuser-Busch
"Aug 04, 2007",look: 1.5 | smell: 1 | taste: 2 | feel: 3 | overall: 3.5,+9.2%,Busch Light | Anheuser-Busch
"Aug 01, 2007",look: 1.5 | smell: 1.5 | taste: 1.5 | feel: 1.5 | overall: 1.5,-23.1%,Busch Light | Anheuser-Busch
"Jul 18, 2007",look: 1.5 | smell: 1 | taste: 1.5 | feel: 1.5 | overall: 5,+6.7%,Busch Light | Anheuser-Busch
"Jul 10, 2007",look: 1.5 | smell: 1.5 | taste: 1.5 | feel: 1.5 | overall: 1,-28.2%,Busch Light | Anheuser-Busch
"Jun 14, 2007",look: 1.5 | smell: 1.5 | taste: 2 | feel: 1.5 | overall: 1.5,-12.8%,Busch Light | Anheuser-Busch
"Jun 13, 2007",look: 2.5 | smell: 2 | taste: 2 | feel: 1.5 | overall: 2,+1.5%,Busch Light | Anheuser-Busch
"Jun 09, 2007",look: 3 | smell: 2 | taste: 2 | feel: 3 | overall: 2.5,+15.9%,Busch Light | Anheuser-Busch
"May 20, 2007",look: 2.5 | smell: 3 | taste: 4 | feel: 2.5 | overall: 4,+80.5%,Busch Light | Anheuser-Busch
"May 18, 2007",look: 2.5 | smell: 2 | taste: 2.5 | feel: 2 | overall: 2.5,+19.5%,Busch Light | Anheuser-Busch
"May 10, 2007",look: 3.5 | smell: 1 | taste: 4.5 | feel: 4 | overall: 4,+76.9%,Busch Light | Anheuser-Busch
"Apr 17, 2007",look: 2 | smell: 2 | taste: 4 | feel: 4 | overall: 4,+74.4%,Busch Light | Anheuser-Busch
"Mar 20, 2007",look: 2 | smell: 1.5 | taste: 1.5 | feel: 1.5 | overall: 1.5,-21.5%,Busch Light | Anheuser-Busch
"Mar 17, 2007",look: 2.5 | smell: 3 | taste: 2.5 | feel: 3 | overall: 2.5,+36.9%,Busch Light | Anheuser-Busch
"Mar 17, 2007",look: 4 | smell: 2.5 | taste: 1.5 | feel: 1.5 | overall: 3,+12.3%,Busch Light | Anheuser-Busch
"Feb 07, 2007",look: 1.5 | smell: 1.5 | taste: 2 | feel: 1.5 | overall: 1.5,-12.8%,Busch Light | Anheuser-Busch
"Feb 02, 2007",look: 2 | smell: 1.5 | taste: 1.5 | feel: 1 | overall: 1.5,-24.1%,Busch Light | Anheuser-Busch
"Nov 23, 2006",look: 2 | smell: 1 | taste: 2.5 | feel: 2.5 | overall: 3,+13.3%,Busch Light | Anheuser-Busch
"Nov 19, 2006",look: 2 | smell: 2 | taste: 2 | feel: 2 | overall: 2,+2.6%,Busch Light | Anheuser-Busch
"Nov 01, 2006",look: 1 | smell: 1 | taste: 1 | feel: 1 | overall: 1,-48.7%,Busch Light | Anheuser-Busch
"Oct 08, 2006",look: 1.5 | smell: 1 | taste: 1 | feel: 2 | overall: 1,-42.1%,Busch Light | Anheuser-Busch
"Sep 29, 2006",look: 2 | smell: 1.5 | taste: 2 | feel: 1.5 | overall: 2,-6.2%,Busch Light | Anheuser-Busch
"Sep 25, 2006",look: 2 | smell: 2 | taste: 2 | feel: 3 | overall: 2,+7.7%,Busch Light | Anheuser-Busch
"Sep 10, 2006",look: 2.5 | smell: 2.5 | taste: 2 | feel: 2 | overall: 2.5,+15.4%,Busch Light | Anheuser-Busch
"Sep 10, 2006",look: 1.5 | smell: 1.5 | taste: 1.5 | feel: 2 | overall: 1.5,-20.5%,Busch Light | Anheuser-Busch
"Aug 31, 2006",look: 2 | smell: 2 | taste: 2 | feel: 2 | overall: 2,+2.6%,Busch Light | Anheuser-Busch
"Aug 20, 2006",look: 1.5 | smell: 1 | taste: 1.5 | feel: 2 | overall: 3,-11.3%,Busch Light | Anheuser-Busch
"Aug 16, 2006",look: 3 | smell: 2 | taste: 2 | feel: 3.5 | overall: 2.5,+18.5%,Busch Light | Anheuser-Busch
"Jul 15, 2006",look: 1 | smell: 1 | taste: 1.5 | feel: 1.5 | overall: 1,-35.9%,Busch Light | Anheuser-Busch
"Jul 14, 2006",look: 1.5 | smell: 2 | taste: 1.5 | feel: 2 | overall: 2,-9.2%,Busch Light | Anheuser-Busch
"Jul 04, 2006",look: 2.5 | smell: 2 | taste: 2.5 | feel: 3 | overall: 2.5,+24.6%,Busch Light | Anheuser-Busch
"Jun 15, 2006",look: 2 | smell: 2 | taste: 1 | feel: 1.5 | overall: 1,-30.8%,Busch Light | Anheuser-Busch
"Jun 08, 2006",look: 3 | smell: 2 | taste: 2 | feel: 3 | overall: 4,+31.3%,Busch Light | Anheuser-Busch
"Apr 25, 2006",look: 1.5 | smell: 1 | taste: 2 | feel: 2 | overall: 2.5,-6.2%,Busch Light | Anheuser-Busch
"Apr 18, 2006",look: 2 | smell: 2 | taste: 1.5 | feel: 2 | overall: 2.5,-2.6%,Busch Light | Anheuser-Busch
"Mar 05, 2006",look: 2 | smell: 1.5 | taste: 2.5 | feel: 2 | overall: 2.5,+11.8%,Busch Light | Anheuser-Busch
"Feb 27, 2006",look: 1.5 | smell: 1.5 | taste: 3 | feel: 2.5 | overall: 4,+38.5%,Busch Light | Anheuser-Busch
"Feb 19, 2006",look: 3 | smell: 2.5 | taste: 2.5 | feel: 2.5 | overall: 3,+34.9%,Busch Light | Anheuser-Busch
"Feb 04, 2006",look: 1.5 | smell: 1.5 | taste: 1 | feel: 1.5 | overall: 1,-38.5%,Busch Light | Anheuser-Busch
"Feb 03, 2006",look: 1 | smell: 1.5 | taste: 1.5 | feel: 1.5 | overall: 2.5,-14.4%,Busch Light | Anheuser-Busch
"Jan 03, 2006",look: 1.5 | smell: 1 | taste: 1.5 | feel: 1 | overall: 2,-26.7%,Busch Light | Anheuser-Busch
"Jan 01, 2006",look: 2 | smell: 1 | taste: 1 | feel: 1.5 | overall: 2,-32.8%,Busch Light | Anheuser-Busch
"Dec 27, 2005",look: 2 | smell: 1.5 | taste: 2 | feel: 1.5 | overall: 2.5,-1%,Busch Light | Anheuser-Busch
"Dec 20, 2005",look: 1.5 | smell: 1 | taste: 1.5 | feel: 1.5 | overall: 2,-24.1%,Busch Light | Anheuser-Busch
"Dec 18, 2005",look: 2.5 | smell: 1.5 | taste: 1 | feel: 1.5 | overall: 2.5,-20%,Busch Light | Anheuser-Busch
"Nov 21, 2005",look: 2 | smell: 2 | taste: 1.5 | feel: 2 | overall: 2,-7.7%,Busch Light | Anheuser-Busch
"Nov 08, 2005",look: 2 | smell: 2 | taste: 1.5 | feel: 2.5 | overall: 5,+25.6%,Busch Light | Anheuser-Busch
"Oct 28, 2005",look: 1 | smell: 2 | taste: 3 | feel: 1 | overall: 3,+25.1%,Busch Light | Anheuser-Busch
"Oct 26, 2005",look: 1.5 | smell: 1 | taste: 1 | feel: 1 | overall: 1,-47.2%,Busch Light | Anheuser-Busch
"Oct 21, 2005",look: 1 | smell: 1 | taste: 1.5 | feel: 1 | overall: 3,-17.9%,Busch Light | Anheuser-Busch
"Sep 22, 2005",look: 2 | smell: 1.5 | taste: 1 | feel: 1 | overall: 1.5,-34.4%,Busch Light | Anheuser-Busch
"Sep 05, 2005",look: 2 | smell: 1 | taste: 1 | feel: 1 | overall: 1,-45.6%,Busch Light | Anheuser-Busch
"Aug 20, 2005",look: 2 | smell: 1.5 | taste: 1.5 | feel: 2.5 | overall: 2.5,-6.2%,Busch Light | Anheuser-Busch
"Aug 05, 2005",look: 2 | smell: 2 | taste: 2.5 | feel: 2.5 | overall: 4,+35.9%,Busch Light | Anheuser-Busch
"Jul 29, 2005",look: 2 | smell: 2 | taste: 1.5 | feel: 2 | overall: 2.5,-2.6%,Busch Light | Anheuser-Busch
"May 22, 2005",look: 2 | smell: 1.5 | taste: 1.5 | feel: 1.5 | overall: 2,-16.4%,Busch Light | Anheuser-Busch
"May 15, 2005",look: 2.5 | smell: 2.5 | taste: 2.5 | feel: 2.5 | overall: 2.5,+28.2%,Busch Light | Anheuser-Busch
"Apr 22, 2005",look: 2 | smell: 2 | taste: 2.5 | feel: 2.5 | overall: 3.5,+30.8%,Busch Light | Anheuser-Busch
"Apr 16, 2005",look: 1.5 | smell: 1.5 | taste: 2 | feel: 1.5 | overall: 1.5,-12.8%,Busch Light | Anheuser-Busch
"Feb 14, 2005",look: 3 | smell: 2.5 | taste: 2 | feel: 1.5 | overall: 2.5,+14.4%,Busch Light | Anheuser-Busch
"Feb 12, 2005",look: 1.5 | smell: 1 | taste: 1 | feel: 1.5 | overall: 2,-34.4%,Busch Light | Anheuser-Busch
"Feb 07, 2005",look: 2 | smell: 2 | taste: 2 | feel: 1.5 | overall: 3.5,+15.4%,Busch Light | Anheuser-Busch
"Jan 21, 2005",look: 1 | smell: 1 | taste: 2 | feel: 1.5 | overall: 2.5,-10.3%,Busch Light | Anheuser-Busch
"Dec 24, 2004",look: 2 | smell: 2.5 | taste: 2 | feel: 3.5 | overall: 3,+26.7%,Busch Light | Anheuser-Busch
"Dec 06, 2004",look: 1 | smell: 1 | taste: 1 | feel: 1 | overall: 1,-48.7%,Busch Light | Anheuser-Busch
"Nov 04, 2004",look: 1 | smell: 1 | taste: 1 | feel: 1 | overall: 1,-48.7%,Busch Light | Anheuser-Busch
"Oct 30, 2004",look: 1 | smell: 1 | taste: 1 | feel: 2 | overall: 4,-12.8%,Busch Light | Anheuser-Busch
"Oct 08, 2004",look: 2.5 | smell: 1.5 | taste: 2 | feel: 1.5 | overall: 3.5,+10.8%,Busch Light | Anheuser-Busch
"Oct 01, 2004",look: 2 | smell: 2 | taste: 1.5 | feel: 1.5 | overall: 2,-10.3%,Busch Light | Anheuser-Busch
"Sep 11, 2004",look: 2 | smell: 2 | taste: 1 | feel: 1.5 | overall: 1,-30.8%,Busch Light | Anheuser-Busch
"Aug 23, 2004",look: 2 | smell: 1.5 | taste: 2.5 | feel: 2 | overall: 2.5,+11.8%,Busch Light | Anheuser-Busch
"Jul 23, 2004",look: 3 | smell: 3.5 | taste: 3 | feel: 3.5 | overall: 3.5,+67.7%,Busch Light | Anheuser-Busch
"Apr 03, 2004",look: 1.5 | smell: 1 | taste: 1 | feel: 1 | overall: 2,-36.9%,Busch Light | Anheuser-Busch
"Mar 04, 2004",look: 1 | smell: 1.5 | taste: 1 | feel: 2 | overall: 3,-16.9%,Busch Light | Anheuser-Busch
"Mar 01, 2004",look: 1.5 | smell: 1 | taste: 1 | feel: 1.5 | overall: 1.5,-39.5%,Busch Light | Anheuser-Busch
"Feb 21, 2004",look: 1 | smell: 2.5 | taste: 2 | feel: 1 | overall: 3,+10.8%,Busch Light | Anheuser-Busch
"Feb 16, 2004",look: 4.5 | smell: 4.5 | taste: 4.5 | feel: 4.5 | overall: 5,+135.9%,Busch Light | Anheuser-Busch
"Jan 26, 2004",look: 1.5 | smell: 1.5 | taste: 1 | feel: 1 | overall: 1,-41%,Busch Light | Anheuser-Busch
"Jan 14, 2004",look: 1.5 | smell: 2 | taste: 1.5 | feel: 1.5 | overall: 1.5,-16.9%,Busch Light | Anheuser-Busch
"Jan 02, 2004",look: 2.5 | smell: 1 | taste: 1.5 | feel: 1 | overall: 1.5,-28.7%,Busch Light | Anheuser-Busch
"Dec 24, 2003",look: 2.5 | smell: 2.5 | taste: 3 | feel: 3 | overall: 4.5,+61.5%,Busch Light | Anheuser-Busch
"Dec 08, 2003",look: 1.5 | smell: 1.5 | taste: 1 | feel: 1.5 | overall: 1.5,-33.3%,Busch Light | Anheuser-Busch
"Aug 09, 2003",look: 1 | smell: 1 | taste: 1 | feel: 1 | overall: 1,-48.7%,Busch Light | Anheuser-Busch
"Jul 26, 2003",look: 1 | smell: 1 | taste: 1.5 | feel: 2 | overall: 2,-23.1%,Busch Light | Anheuser-Busch
"Jul 09, 2003",look: 1 | smell: 1.5 | taste: 1 | feel: 1 | overall: 2,-32.3%,Busch Light | Anheuser-Busch
"Jun 04, 2003",look: 2 | smell: 2 | taste: 1.5 | feel: 1.5 | overall: 1.5,-15.4%,Busch Light | Anheuser-Busch
"May 26, 2003",look: 1.5 | smell: 1.5 | taste: 1.5 | feel: 1.5 | overall: 1.5,-23.1%,Busch Light | Anheuser-Busch
"May 12, 2003",look: 1.5 | smell: 1 | taste: 2 | feel: 1.5 | overall: 2,-13.8%,Busch Light | Anheuser-Busch
"Apr 14, 2003",look: 2 | smell: 1.5 | taste: 1.5 | feel: 1.5 | overall: 1.5,-21.5%,Busch Light | Anheuser-Busch
"Apr 10, 2003",look: 2 | smell: 1.5 | taste: 1.5 | feel: 1.5 | overall: 1.5,-21.5%,Busch Light | Anheuser-Busch
"Apr 08, 2003",look: 1.5 | smell: 1 | taste: 1 | feel: 1 | overall: 1,-47.2%,Busch Light | Anheuser-Busch
"Apr 06, 2003",look: 1.5 | smell: 1.5 | taste: 1.5 | feel: 1.5 | overall: 3.5,-2.6%,Busch Light | Anheuser-Busch
"Mar 27, 2003",look: 2 | smell: 2 | taste: 2 | feel: 2.5 | overall: 2,+5.1%,Busch Light | Anheuser-Busch
"Mar 10, 2003",look: 2 | smell: 1 | taste: 1.5 | feel: 1.5 | overall: 2,-22.6%,Busch Light | Anheuser-Busch
"Mar 03, 2003",look: 1 | smell: 1.5 | taste: 1.5 | feel: 1 | overall: 2,-22.1%,Busch Light | Anheuser-Busch
"Jan 26, 2003",look: 2 | smell: 1.5 | taste: 2 | feel: 2 | overall: 2,-3.6%,Busch Light | Anheuser-Busch
"Nov 08, 2002",look: 1.5 | smell: 1.5 | taste: 2 | feel: 2 | overall: 2.5,look: 1.5 | smell: 1.5 | taste: 2 | feel: 2 | overall: 2.5,Busch Light | Anheuser-Busch
"Oct 31, 2002",look: 1.5 | smell: 1 | taste: 1.5 | feel: 2 | overall: 2,-21.5%,Busch Light | Anheuser-Busch
"Oct 18, 2002",look: 1 | smell: 1.5 | taste: 1.5 | feel: 1 | overall: 2,-22.1%,Busch Light | Anheuser-Busch
"Sep 17, 2002",look: 2.5 | smell: 1 | taste: 1.5 | feel: 3 | overall: 1.5,-18.5%,Busch Light | Anheuser-Busch
"Sep 05, 2002",look: 1.5 | smell: 1.5 | taste: 2 | feel: 2 | overall: 3,+5.1%,Busch Light | Anheuser-Busch
"Jul 22, 2002",look: 2 | smell: 1.5 | taste: 1.5 | feel: 1.5 | overall: 2,-16.4%,Busch Light | Anheuser-Busch
"Jun 30, 2002",look: 1.5 | smell: 1.5 | taste: 1.5 | feel: 1 | overall: 2,-20.5%,Busch Light | Anheuser-Busch
"Feb 20, 2002",look: 2 | smell: 2.5 | taste: 2.5 | feel: 2.5 | overall: 3,+31.8%,Busch Light | Anheuser-Busch
